delta,k,avg_er,rateleap,mean Seq512_32 V-cheby-aggres-L1-trunc,512,544,576,608,640,672,704,736,512,544,576,608,640,672,704,736
l-1-0-1d,1.0,0.070025445,-0.07956988515600942,-0.09614,0.0,0.074685739618,-0.200082790537,-0.098611768915,0.175868599529,-0.282670212646,0.180157607472,-0.455467932316,0.06939158613451064,0.06907810550077192,0.06987264606669191,0.07024617845114134,0.06961534572647338,0.07058209875902882,0.06999302673232015,0.07142457311166055
l-1-0-1d,1.2,0.070226985,-0.01700723736024558,-0.00385,0.0,-0.156352131423,0.074184201177,-0.00392521392,-0.078134762068,0.299178563517,-0.388561967562,0.152198015173,0.06984430278798402,0.07050948978875,0.07021114481088576,0.07022604698110238,0.07050806293725705,0.0694863339868447,0.07075378326183307,0.07027671627225254
l-1-0-1d,1.25,0.069646016,-0.01856305661269926,0.02269,0.0,-0.072190183553,-0.139544976798,0.082650684901,0.006552669126,-0.065852205182,0.009152759333,0.080950432932,0.06912521060144386,0.06942840023493148,0.06998438730154671,0.06967234629606706,0.06964893279898933,0.06987307051198081,0.06984332583422567,0.06959245398715679
l-1-0-1d,1.3,0.070203534,0.01755552100475925,-0.04028,0.0,0.243858091193,0.026163633536,-0.044093195763,0.026895469559,-0.181102234036,0.033645742651,-0.036737232611,0.07091733001510865,0.06987661389534262,0.06977219348860447,0.06993872858937195,0.06984231063248154,0.07046217234759738,0.07035197118797783,0.07046695225955295
l-1-0-1d,1.5,0.069764025,0.004766673144429122,-0.01860,0.0,-0.153493904306,0.267904983163,0.076860641222,-0.106914273025,-0.161123704712,0.265252340001,-0.167093692409,0.06993078644562248,0.07058456522595004,0.06951193565287528,0.06922366836508764,0.06960433276844533,0.07015366636482721,0.06929332123134213,0.0698099211135676
l-1-0-1d,1.75,0.069823835,0.011553665084988885,-0.01296,0.0,0.035356766894,0.083906087253,-0.173760213451,0.240710958659,-0.025433865807,0.129821241414,-0.236144309924,0.07020841094648042,0.07005808104897984,0.06972289119320121,0.07038100562771588,0.06951736394287795,0.06960368314975966,0.06918459336337826,0.06991465118673126
l-1-0-1d,2.0,0.069794077,-0.00727768933445097,-0.03635,0.0,-0.095422090175,0.218249178288,-0.23599428849,0.085788881139,0.126644226899,-0.057947554362,-0.100222630418,0.06976594539315205,0.07017070599988035,0.06930077945218038,0.07019069195824668,0.06988250380695045,0.06945203164333191,0.06963950753072085,0.06995044870908645
l-1-0-1d,2.2,0.069467306,-0.017752614211748622,0.00425,0.0,0.026167111173,-0.176287797118,0.07377468034,0.070278138311,0.026350821127,-0.097009927691,-0.052166847529,0.06927199957685316,0.06916219558842221,0.06986261968050023,0.06958450725942451,0.06933412078725966,0.06924503789736794,0.06955824025549126,0.06971972660122444
l-1-0-1d,2.25,0.069400316,-0.04323207305595492,-0.06656,0.0,-0.127592464322,0.154981105958,-0.209030192489,-0.040374189869,0.159271775177,-0.205190600762,-0.037460951863,0.06885274836886895,0.06938740642889622,0.06877545436239307,0.0695571415237391,0.0697013384203799,0.0691617956448996,0.06982513840976566,0.06994150846609484
l-1-0-1d,2.5,0.069328371,-0.030473770872360646,-0.03070,0.0,0.036229117091,-0.10750171139,-0.031261991803,0.076445935385,-0.034094709522,-0.174991120884,0.010400335331,0.06902440112970723,0.06887296392303645,0.06929746548425332,0.06941469450314892,0.0691430410580296,0.06925815529060006,0.06982425859587708,0.069791985377621
l-1-0-1d,3.0,0.06867482,-0.04518092089174847,-0.05019,0.0,0.092087011961,-0.179468404691,-0.022291104018,-0.080623382563,0.041353606169,0.009665539361,-0.199039321373,0.06827182114087141,0.06789173923184201,0.06859176581747851,0.06867448368847266,0.0689590708603536,0.06882007591253562,0.06878913853775583,0.06940046106243855
l-1-1-2d,1.0,0.546529904,0.027977798241960977,0.03828,0.0,-0.058161931677,0.089217830836,0.042019019802,-0.103663333904,0.132197775183,-0.095326774858,0.216185494287,0.5476262486601735,0.5495606118392221,0.5467652338301895,0.5455244742808381,0.5484328809974417,0.5449068991330933,0.5473287108516129,0.5420941688346472
l-1-1-2d,1.2,0.544570492,-0.0038695568083148423,-0.00912,0.0,0.066085860411,-0.055062927119,-0.012245093796,0.031229937801,-0.163061068316,0.181186006558,-0.082701600416,0.5446753299290669,0.5424974917779031,0.5442075890195442,0.5445680054091832,0.5436963676497835,0.5480391465044321,0.5434392603149545,0.5454407457708884
l-1-1-2d,1.25,0.546611131,-0.003394444623565965,-0.02385,0.0,0.020461071598,0.059402686648,-0.049544629334,-0.022872690139,0.021786399516,-0.013350749029,-0.055286886813,0.547325454038259,0.5466469479761654,0.5447940304097534,0.5462553485810357,0.5468965999828135,0.5463155785307254,0.546654987989372,0.5480000992459525
l-1-1-2d,1.3,0.544167579,-0.02255757891701791,0.00782,0.0,-0.136028394413,-0.032826041079,0.007870997847,-0.022872038567,0.080153424703,-0.033388263046,0.007352421373,0.5399235756566765,0.5443945572091431,0.5454169551011347,0.5451848952167254,0.5458248717667268,0.5436944834914723,0.5445396181778399,0.544361676414716
l-1-1-2d,1.5,0.544770256,-0.017829815493905384,-0.00491,0.0,0.061035711535,-0.154359601585,-0.054595075849,0.0389804075,0.06928837481,-0.14460481169,0.066385275661,0.542444611307791,0.5404411304446485,0.545230512680898,0.5468423039900668,0.5457500214958275,0.5439081787982762,0.5475793932809404,0.545965899804788
l-1-1-2d,1.75,0.543222815,-0.02277838110085438,-0.00999,0.0,-0.03727029062,-0.058419203349,0.072812649191,-0.140181853454,-0.005291351398,-0.080231312746,0.102951731501,0.5399286078989384,0.541149954411495,0.5429599549903271,0.5408266443336495,0.5447294127262802,0.544870061441796,0.5469075136015017,0.5444103720539362
l-1-1-2d,2.0,0.542044475,-0.015197023741234357,0.00033,0.0,0.025995967546,-0.12901087814,0.099364172494,-0.061813215194,-0.080628667798,0.012993758173,0.031734465072,0.5401332494665886,0.5392826722164401,0.5432740717858681,0.540363242196374,0.5420792386877555,0.5442159165504402,0.5438870538498658,0.5431203588938122
l-1-1-2d,2.2,0.542297219,-0.01182258358057694,-0.02216,0.0,-0.035591817677,0.06689426649,-0.059097545757,-0.054546788117,-0.033920852939,0.028246571663,0.0084988162,0.5408543562112834,0.5420226395257801,0.5399541349873319,0.541682177367343,0.543199863679486,0.5440996059509504,0.5433851117624579,0.5431798665076614
l-1-1-2d,2.25,0.542344270,0.0009706764210649303,0.01385,0.0,0.038751615509,-0.09831709369,0.083209567734,-0.000574325575,-0.098222753595,0.084121120361,0.000723217183,0.5422473192470564,0.5409749117364796,0.5440235590688743,0.5415815433022677,0.5415974980154767,0.5441992271790832,0.5420737652406707,0.5420563387824215
l-1-1-2d,2.5,0.541397417,-0.007397226407127958,-0.00595,0.0,-0.043272722567,0.028382529279,-0.006915755322,-0.061382646903,-0.003170630768,0.066923323459,-0.025185651976,0.5401495626735754,0.5415684472849096,0.5406905728814818,0.5408927833635262,0.5425984779203216,0.5426824220078164,0.5409955301448546,0.5416015390273493
l-1-1-2d,3.0,0.541562408,-0.0035590730482847823,-0.00004,0.0,-0.073520046028,0.061001623013,-0.015476353901,0.013672161038,-0.045773277723,-0.027852559644,0.075210118403,0.5403711685228202,0.5427850458402378,0.5408957824321633,0.5413485736667756,0.5409690643161864,0.5421785528745069,0.5428815097570133,0.5410695667250092
l-1-2-2d,1.0,0.760206594,-0.0017412788557778472,-0.00244,0.0,0.003285447615,-0.003792056523,-0.005504435673,0.000785433474,-0.002709179557,-0.006402043767,0.001641685561,0.7600020602309269,0.7598506988405119,0.760015412761263,0.7602416342609669,0.7602110066656007,0.7603114989978786,0.7605379711060261,0.760482472251475
l-1-2-2d,1.2,0.759807961,-0.003344863235303139,-0.00365,0.0,-0.004767625297,-0.000673320166,-0.002222111846,-0.006091579151,-0.002439612217,-0.000822470364,-0.006669181219,0.7593488583938064,0.759568368877661,0.7595976021221088,0.759688868252849,0.7599262755690367,0.760016734278414,0.7600458140889992,0.7602711682868287
l-1-2-2d,1.25,0.759657488,-0.0035730445501697965,-0.00303,0.0,-0.003107543571,-0.00610205339,-0.007301605815,0.001600101191,-0.003791400101,-0.005239945405,-0.000406096347,0.7590767251243474,0.7592197438335611,0.7594845934845011,0.7597844801322481,0.7597221237892073,0.7598626724913522,0.7600479209735035,0.7600616412531869
l-1-2-2d,1.3,0.759536467,-0.003397195755163756,-0.00342,0.0,-0.006246330967,-3.8893717e-05,-0.003095981298,-0.006056728961,-0.004546549706,-0.00016652521,-0.003246712596,0.7590078519058723,0.75929532852938,0.7592970165230911,0.7594241267286365,0.7596600933563079,0.7598286250966116,0.7598345113258884,0.7599441801499119
l-1-2-2d,1.5,0.759150301,-0.003696586716285375,-0.00375,0.0,-0.00466120306,-0.002278786683,-0.003317284025,-0.004207088044,-0.005601938582,-0.004862047327,-0.000765377221,0.7585975801794733,0.758811977761015,0.7589108208486017,0.7590469485151002,0.7592107650339798,0.7594183005034629,0.7595900870734459,0.7596159305653981
l-1-2-2d,1.75,0.758632085,-0.0046537761725917205,-0.00405,0.0,-0.005140258506,-0.006550239177,-0.006448443244,-0.003069418354,-0.002875718097,-0.003909203168,-0.003927864324,0.757896449337168,0.7581326665527086,0.7584165655374491,0.7586810331243808,0.7588004897090829,0.7589069620150326,0.7590449864955289,0.7591775276944245
l-1-2-2d,2.0,0.758143629,-0.005222333993368074,-0.0049,0.0,-0.005102834797,-0.006579561463,-0.005188857497,-0.005296265729,-0.00548752395,-0.005518365712,-0.002994645979,0.7573515233239195,0.7575858518883931,0.7578708163087554,0.7580834646008465,0.7582894357424278,0.7584924852092408,0.7586872261927483,0.7587882273041623
l-1-2-2d,2.2,0.757775109,-0.005380809956359963,-0.00485,0.0,-0.006717283775,-0.006108678258,-0.00516686913,-0.006071684461,-0.004183809328,-0.003844059491,-0.005007246638,0.7569436837157745,0.7572519987765626,0.7575164488367903,0.7577280968726827,0.7579641179604164,0.7581188560165001,0.7582544392799121,0.7584232310489876
l-1-2-2d,2.25,0.757643300,-0.005775251030140251,-0.00557,0.0,-0.005277516386,-0.007108076732,-0.005967422625,-0.005320587177,-0.006223556116,-0.005301562408,-0.005034828595,0.7567902820330115,0.7570324538816486,0.7573400883551517,0.7575844774682187,0.7577912583996724,0.758021395384274,0.7582083683212064,0.7583780796560746
l-1-2-2d,2.5,0.757165797,-0.006215277538039043,-0.00598,0.0,-0.007288582165,-0.005948533976,-0.006883586383,-0.00555724321,-0.006726747384,-0.00532796367,-0.00540811619,0.7562334402898835,0.7565676691347815,0.7568249525117348,0.7571066773113878,0.7573225208104039,0.7575711141789251,0.757758906719038,0.7579410940831982
l-1-2-2d,3.0,0.756245314,-0.007353227561969577,-0.00669,0.0,-0.009184583232,-0.008081725288,-0.007671680679,-0.006627174283,-0.006575406163,-0.007132324202,-0.00545420796,0.7551142063193838,0.7555347799632978,0.7558838712638681,0.7561974666896308,0.7564545642881736,0.7566972853020028,0.7569483959648515,0.7571319397146624
l-2-3-1d,1.0,0.071576148,-0.009033378729948383,-0.00200,0.0,-0.051252811721,0.003471684606,0.021442280205,-0.027461335038,-0.002542319073,0.033077882622,-0.034531860034,0.07140428835546903,0.0716264995449233,0.07161228768002155,0.071529313905871,0.07163013982853682,0.07163902539396776,0.07152887320729714,0.07163875448624643
l-2-3-1d,1.2,0.071555995,0.00020256438038158435,0.0039,0.0,0.009290775838,-0.023591684279,-0.011072765648,0.022701659037,-0.003745968347,-0.019229977612,0.030826702675,0.07152512139551515,0.07148484623078111,0.0715813059406547,0.07162417261410592,0.07154081889600303,0.07155389534961756,0.0716179345914935,0.07151986365361086
l-2-3-1d,1.25,0.071588989,0.0008702671843856456,-0.00157,0.0,-0.007763176007,0.018481022606,0.031785288781,-0.040214098496,0.002933538256,0.017774743491,-0.020150368443,0.071629899127072,0.07166361892914021,0.07158795732581143,0.0714650360501093,0.07161260009022795,0.07160235106886208,0.07154316889218987,0.0716072802046427
l-2-3-1d,1.3,0.071602995,-0.0012763898039076938,0.00006,0.0,0.019280403646,-0.030161894992,-0.005695810236,0.020084892593,0.010636900089,-0.024704368835,-1.397663e-06,0.07160009385180381,0.07151645174483184,0.07163985288377585,0.07166191824902399,0.0715881287017672,0.07155098581278373,0.07163326288256527,0.07163326733303906
l-2-3-1d,1.5,0.071582240,-0.0026587834293118674,-0.00062,0.0,0.001213724587,-0.016189433992,-0.00710555876,0.001249907656,0.014428972933,0.010871029483,-0.022558224119,0.07154125352826972,0.0715359896024579,0.07160221695261403,0.07162973022072217,0.07162513805116301,0.07157473227468099,0.07153854461923144,0.07161031607527163
l-2-3-1d,1.75,0.071593279,0.00033313154767535154,-0.00262,0.0,-0.000622225103,0.01301028384,0.014017258399,-0.011582517384,-0.012035732446,-0.002473769385,-0.001045927991,0.071625247965867,0.07162794987600163,0.07157470375312001,0.07152047968105987,0.07156298301401856,0.07160501895369809,0.0716132597184395,0.07161658933566752
l-2-3-1d,2.0,0.071588414,0.0003714505406133851,0.00007,0.0,-0.006271486673,0.008087893227,-0.001394297028,0.001789227416,0.005278837261,0.007024601908,-0.012328256445,0.0715971870693109,0.07162441396136388,0.07159131028115429,0.07159670745034545,0.07159013693764031,0.07157170089007961,0.07154831618219731,0.07158753631574588
l-2-3-1d,2.2,0.071571126,-0.0020154224790852634,-0.00375,0.0,0.002892643756,4.4702682e-05,-0.004871965842,0.0044831158,-0.009125493756,-0.010051135677,0.000831119936,0.0715587022833331,0.0715461544607282,0.0715459716509227,0.07156482031921885,0.07154836561036093,0.07158022849228984,0.07161370572916557,0.0716110600278641
l-2-3-1d,2.25,0.071599701,0.0002904538507332529,0.00114,0.0,-0.009986769954,0.0077041394,0.000297080476,-0.002559988433,0.006701130761,0.0007866934,0.000499344133,0.07159106622527141,0.07163442374157744,0.0716028860099036,0.07160173591096954,0.07161113856943718,0.07158772918701181,0.07158510933959585,0.07158352040211231
l-2-3-1d,2.5,0.071599437,-0.0005463577759080218,0.00033,0.0,0.001425980318,-0.006667664624,0.003501613194,-0.004989090454,0.006614458284,-0.003046035904,-0.000405992893,0.07158966495947681,0.07158347633498797,0.07161076293730048,0.07159720669225669,0.07161553125501338,0.07159242318348633,0.0716025686659111,0.07160386089626504
l-2-3-1d,3.0,0.071587863,1.6832096690172044e-05,-0.0021,0.0,0.007206857845,0.001144889303,0.000753665744,-0.004804784761,-0.002827534473,0.004042318268,-0.007662977103,0.07160836134752807,0.07157708155507368,0.07157239770006629,0.07156948128358342,0.07158712198779037,0.07159699853281469,0.0715835360755088,0.07160792393202736
l-2-3-2d,1.0,1.513800264,-0.0029613694486567707,-0.00179,0.0,-0.00954247762,-0.001310889414,0.001700697734,-0.005656593494,-0.002040135311,0.003775017138,-0.006729582201,1.5127699317430077,1.513645336100307,1.513758755311489,1.5136195685646898,1.5140588019093493,1.5142095166078726,1.5139436237833375,1.5143965753342008
l-2-3-2d,1.2,1.513266551,-0.0018080168451430159,-0.00116,0.0,-0.000594504973,-0.00560051817,-0.003678873833,0.001661057249,-0.002190345034,-0.004706174506,0.003138753406,1.5126148619543092,1.5126693800558209,1.513153688352753,1.5134546943700673,1.5133257518607348,1.5134874855303015,1.513818871604701,1.5136076736047206
l-2-3-2d,1.25,1.513255418,-0.0017851239929020507,-0.00203,0.0,-0.003439769484,0.000725523708,0.00298666719,-0.008024924888,-0.001437030932,0.00103471893,-0.004693728189,1.5128066282590689,1.5131221338676684,1.5130593863201531,1.5128150760125811,1.513437916447694,1.513544031802601,1.5134711789009467,1.5137869892696532
l-2-3-2d,1.3,1.513187332,-0.0021662555829539674,-0.00188,0.0,0.000799846664,-0.006715346347,-0.002974619559,0.001104733138,-0.000165231203,-0.005568901344,-0.001788609858,1.5125891325846086,1.5125157883085345,1.5130964616041878,1.5133398315912674,1.513254080010881,1.513266279396193,1.5136583650819506,1.5137787160910916
l-2-3-2d,1.5,1.512663509,-0.0026420669492637993,-0.00222,0.0,-0.002325953727,-0.004861774772,-0.003418078,-0.002051041576,9.7581453e-05,-0.000292379254,-0.005423138835,1.5118594357263995,1.5120726381552783,1.5124928884276452,1.512772431987277,1.5129315910979506,1.5129243880249084,1.5129449661869894,1.5133097328899747
l-2-3-2d,1.75,1.512141641,-0.0025122155632503976,-0.00283,0.0,-0.003000625835,-0.000752067305,-0.000476007713,-0.004277672146,-0.004266524474,-0.0027172409,-0.002408795797,1.51147599014884,1.5117509704869432,1.5118159574837395,1.5118548667063423,1.5121866280931058,1.5125014443255183,1.5126926458021723,1.5128546263701674
l-2-3-2d,2.0,1.51157731,-0.0028236601289755715,-0.00271,0.0,-0.0042394363,-0.001863829956,-0.003197723628,-0.002548961525,-0.001879646211,-0.001510006108,-0.004399905778,1.510739121049381,1.511127452391011,1.5112884467595997,1.5115497590772697,1.5117473990170234,1.5118860450786302,1.5119922520117464,1.512288001770585
l-2-3-2d,2.2,1.511087277,-0.00344492458006852,-0.00354,0.0,-0.003105341763,-0.003391674409,-0.003964521891,-0.002384672611,-0.004354378161,-0.00437288333,-0.002598622113,1.5101049294116913,1.510389248784612,1.5106820853510716,1.5110059357943695,1.5111907698906542,1.5115118577234252,1.5118193707199667,1.5119940161013858
l-2-3-2d,2.25,1.511074732,-0.003152545148343887,-0.00285,0.0,-0.005168053391,-0.002247729065,-0.003258717595,-0.003531867743,-0.00197337631,-0.002774666193,-0.002690067393,1.5100859189720046,1.5105591200534898,1.510753204063099,1.5110194068263378,1.5112931696092167,1.5114386859672242,1.5116337913079738,1.511814560619643
l-2-3-2d,2.5,1.510542558,-0.003587423863736529,-0.00326,0.0,-0.003753751344,-0.004802934779,-0.003062000302,-0.004207771394,-0.002275586281,-0.003644252351,-0.00310126577,1.5094587604056924,1.5098023066558515,1.510216846764286,1.510466889671577,1.5107929296137808,1.5109606765664048,1.5112168524660308,1.5114251982397775
l-2-3-2d,3.0,1.509462844,-0.00410362182687256,-0.00420,0.0,-0.003533009123,-0.004260475202,-0.004119181458,-0.004771218936,-0.004298545218,-0.003081104151,-0.004747024035,1.5082970908268463,1.508620183571601,1.5089876105195283,1.5093237186438846,1.5096931429611282,1.5100097991670505,1.510226248933484,1.510544960814021
l-1-1-1d,1.0,0.070756957,-0.011461866071794844,-0.00977,0.0,-0.020493243394,-0.009293696864,-0.00675256024,-0.014987604169,-0.008881290363,-0.004069504544,-0.014160906918,0.07058823385364497,0.07067598683230716,0.07071354080697971,0.07073936248030176,0.07079376523550518,0.07082444820987714,0.07083785749727277,0.07088246235597158
l-1-1-1d,1.2,0.070615501,-0.011572780370522512,-0.01024,0.0,-0.011895302681,-0.016497238362,-0.013319371085,-0.007472368291,-0.012210182066,-0.013263984503,-0.004938387883,0.07044720987775888,0.07049803108082485,0.07056453897271539,0.07061537371935253,0.07064244453586803,0.07068454137691339,0.07072817007946192,0.07074369803487195
l-1-1-1d,1.25,0.070587908,-0.011783899576236928,-0.01171,0.0,-0.014403372309,-0.009449762911,-0.007310389518,-0.018731153877,-0.010306361207,-0.008025776405,-0.014192150361,0.07042868020163268,0.07049020531261711,0.07052828971545193,0.07055617170444009,0.07062399342157911,0.07065951556033943,0.07068590186911938,0.07073050927740265
l-1-1-1d,1.3,0.070556366,-0.012625548292679395,-0.01159,0.0,-0.011140436302,-0.018697786571,-0.013300409673,-0.008545743398,-0.010212724157,-0.015458719357,-0.010413184315,0.07038112694261994,0.07042867733717617,0.07050398722361016,0.07055470601664482,0.07058563969856947,0.07062081990966047,0.07067162442222716,0.07070434478675576
l-1-1-1d,1.5,0.070421672,-0.01440465532544095,-0.01325,0.0,-0.015652523807,-0.0179418327,-0.015368207353,-0.013241829278,-0.010624330734,-0.011116605013,-0.015914615799,0.07021971777396861,0.0702863828791324,0.07035850041422635,0.07041698673202641,0.07046483139645722,0.07050136721521624,0.07053783604833341,0.07058775447663966
l-1-1-1d,1.75,0.070263786,-0.015722099115578682,-0.01537,0.0,-0.017911184251,-0.01480667702,-0.013849779761,-0.017604755799,-0.016915980153,-0.014620471041,-0.013861051681,0.07004891909725351,0.0701250236424069,0.07018439740651661,0.0702369725064622,0.07030042555349339,0.07035847079620934,0.07040634100354934,0.07044973510952576
l-1-1-1d,2.0,0.070108173,-0.017519448299724745,-0.01666,0.0,-0.020843975443,-0.017498561785,-0.018171395432,-0.017024903385,-0.015814585626,-0.014839112741,-0.017466206072,0.06986548701685436,0.06995382891263889,0.0700238310371819,0.07009266163735725,0.07015389772578634,0.07020804909753088,0.07025653155224577,0.07031110016034199
l-1-1-1d,2.2,0.069984804,-0.019308065727076242,-0.01863,0.0,-0.02089703604,-0.020262366528,-0.020344911311,-0.01792535413,-0.019462242306,-0.018963487548,-0.016439673521,0.06971971688657623,0.0698080990191548,0.06988899513387313,0.06996591482462572,0.07003027460092241,0.07009680455074915,0.07015866995581396,0.0702099587178609
l-1-1-1d,2.25,0.069959221,-0.01925957109920581,-0.0181,0.0,-0.023429529192,-0.019494204739,-0.019674020812,-0.019448799957,-0.017120398176,-0.017365115317,-0.016878855058,0.06969013578331182,0.06978919442958495,0.06986700092556318,0.06994135936764814,0.07001116719379234,0.07006967244598773,0.07012629937894452,0.07017893452421482
l-1-1-1d,2.5,0.069811933,-0.021113352639113795,-0.01987,0.0,-0.023417358176,-0.02371633642,-0.020980894269,-0.021540495556,-0.018751384323,-0.019562447711,-0.018507812391,0.0695195537006937,0.06961831851011727,0.06971275627413101,0.06979188180735688,0.06986903628517903,0.06993298753655192,0.06999665869573221,0.07005426898345633
l-1-1-1d,3.0,0.069524912,-0.02430710676354877,-0.02341,0.0,-0.026179419911,-0.025842598984,-0.024746866969,-0.024758972051,-0.023470761691,-0.021453598071,-0.022627124663,0.0691936097847059,0.06930351536239991,0.06940596075090094,0.06949888768699759,0.06958720520512071,0.06966693810250482,0.06973650192706558,0.06980667927354035
cos-1-1d,1.0,0.070837265,-0.009019401718566465,-0.00855,0.0,-0.01047512043,-0.009304481771,-0.009356563259,-0.009150394679,-0.008060103016,-0.008499534433,-0.007703211104,0.07071021979953222,0.07075513860112581,0.07079277827348104,0.0708286002232556,0.07086185170490075,0.07088972387382955,0.07091775910470212,0.07094204701486087
cos-1-1d,1.2,0.070711955,-0.010517106718473706,-0.00992,0.0,-0.012049807895,-0.011316494955,-0.01056379621,-0.010300905981,-0.01023350425,-0.009282151031,-0.009195252567,0.07056414284319926,0.07061570984423998,0.07066140118449275,0.0707017713323673,0.07073913771438956,0.07077446618526051,0.07080503361015551,0.07083398074223456
cos-1-1d,1.25,0.07068161,-0.010843331179710444,-0.01034,0.0,-0.012044442683,-0.011544886852,-0.011346905222,-0.010756944838,-0.010009749346,-0.00994063163,-0.009649939636,0.0705300653123923,0.07058158445254015,0.07062817572303813,0.07067151909470393,0.07071052351071336,0.07074506536029053,0.07077778815635247,0.070808155284306
cos-1-1d,1.3,0.07065099,-0.011241478240634043,-0.01057,0.0,-0.012882327798,-0.01220543002,-0.01133687263,-0.01093467905,-0.010762947082,-0.01020436475,-0.009612731636,0.07049290652925207,0.07054798202383732,0.07059721650313348,0.07064050255777786,0.07068013421309235,0.07071725993306187,0.07075083789528058,0.07078107639100557
cos-1-1d,1.5,0.070531577,-0.012642736920050687,-0.01194,0.0,-0.014316961309,-0.0136838888,-0.012895083337,-0.012305528243,-0.011891253528,-0.011616626696,-0.011001468493,0.07035460054335774,0.0704156920567917,0.07047078919089046,0.07051993864996815,0.07056446425700683,0.07060541595902008,0.0706435818367157,0.07067813744587854
cos-1-1d,1.75,0.070386358,-0.014320221037875894,-0.01355,0.0,-0.016148559284,-0.015424926763,-0.014714011548,-0.014142761839,-0.013508829875,-0.012936928663,-0.012470225947,0.0701863128758684,0.07025505894291259,0.07031702763738466,0.07037299030511412,0.07042405942356082,0.07047049108203025,0.07051291482909168,0.07055201263187029
cos-1-1d,2.0,0.070245418,-0.015961965521550502,-0.01513,0.0,-0.017962592736,-0.017146910418,-0.016326521203,-0.015719911749,-0.015130671266,-0.014525637537,-0.013961265713,0.07002323755502089,0.07009953267176258,0.07016827021587643,0.07023023717340514,0.0702868884805583,0.07033879538230836,0.07038634168195389,0.07043003720489713
cos-1-1d,2.2,0.070135490,-0.017230015925592732,-0.01634,0.0,-0.019418980877,-0.018460071493,-0.017706373837,-0.016967562299,-0.016274626372,-0.015662999728,-0.015074978685,0.06989598473273387,0.0699783195204313,0.07005219600119118,0.07011929149175786,0.07018034442955882,0.07023609267931688,0.07028728836547272,0.07033440432088606
cos-1-1d,2.25,0.07010804,-0.017545624373628128,-0.01663,0.0,-0.01974441686,-0.018884746834,-0.017960927478,-0.017270570219,-0.016588595299,-0.015917657638,-0.015391327657,0.06986426951379239,0.06994794696192863,0.07002349109162886,0.07009152375240581,0.0701536428515043,0.07021044540785248,0.07026245477207986,0.07031054279953486
cos-1-1d,2.5,0.069973857,-0.01910404885966369,-0.01811,0.0,-0.021503584048,-0.020518008233,-0.019609188843,-0.018801972745,-0.018061341128,-0.017330647831,-0.016747897078,0.06970896692498749,0.06979990204699248,0.06988180977351047,0.0699559387605494,0.07002343786918672,0.07008517082495411,0.07014169781570198,0.07019393589661292
cos-1-1d,3.0,0.069713832,-0.022111093139944263,-0.02097,0.0,-0.02491060912,-0.023709611523,-0.022653071947,-0.021761577146,-0.020906805457,-0.020121823026,-0.01938531678,0.06940852082369044,0.06951342050166207,0.06960768921463432,0.06969299615339543,0.06977083251073349,0.06984203831262036,0.06990744578446714,0.06996771179658337
cos-2-1d,1.0,0.070837265,-0.009019401718566465,-0.00855,0.0,-0.01047512043,-0.009304481771,-0.009356563259,-0.009150394679,-0.008060103016,-0.008499534433,-0.007703211104,0.07071021979953222,0.07075513860112581,0.07079277827348104,0.0708286002232556,0.07086185170490075,0.07088972387382955,0.07091775910470212,0.07094204701486087
cos-2-1d,1.2,0.070711955,-0.010517106718473706,-0.00992,0.0,-0.012049807895,-0.011316494955,-0.01056379621,-0.010300905981,-0.01023350425,-0.009282151031,-0.009195252567,0.07056414284319926,0.07061570984423998,0.07066140118449275,0.0707017713323673,0.07073913771438956,0.07077446618526051,0.07080503361015551,0.07083398074223456
cos-2-1d,1.25,0.07068161,-0.010843331179710444,-0.01034,0.0,-0.012044442683,-0.011544886852,-0.011346905222,-0.010756944838,-0.010009749346,-0.00994063163,-0.009649939636,0.0705300653123923,0.07058158445254015,0.07062817572303813,0.07067151909470393,0.07071052351071336,0.07074506536029053,0.07077778815635247,0.070808155284306
cos-2-1d,1.3,0.07065099,-0.011241478240634043,-0.01057,0.0,-0.012882327798,-0.01220543002,-0.01133687263,-0.01093467905,-0.010762947082,-0.01020436475,-0.009612731636,0.07049290652925207,0.07054798202383732,0.07059721650313348,0.07064050255777786,0.07068013421309235,0.07071725993306187,0.07075083789528058,0.07078107639100557
cos-2-1d,1.5,0.070531577,-0.012642736920050687,-0.01194,0.0,-0.014316961309,-0.0136838888,-0.012895083337,-0.012305528243,-0.011891253528,-0.011616626696,-0.011001468493,0.07035460054335774,0.0704156920567917,0.07047078919089046,0.07051993864996815,0.07056446425700683,0.07060541595902008,0.0706435818367157,0.07067813744587854
cos-2-1d,1.75,0.070386358,-0.014320221037875894,-0.01355,0.0,-0.016148559284,-0.015424926763,-0.014714011548,-0.014142761839,-0.013508829875,-0.012936928663,-0.012470225947,0.0701863128758684,0.07025505894291259,0.07031702763738466,0.07037299030511412,0.07042405942356082,0.07047049108203025,0.07051291482909168,0.07055201263187029
cos-2-1d,2.0,0.070245418,-0.015961965521550502,-0.01513,0.0,-0.017962592736,-0.017146910418,-0.016326521203,-0.015719911749,-0.015130671266,-0.014525637537,-0.013961265713,0.07002323755502089,0.07009953267176258,0.07016827021587643,0.07023023717340514,0.0702868884805583,0.07033879538230836,0.07038634168195389,0.07043003720489713
cos-2-1d,2.2,0.070135490,-0.017230015925592732,-0.01634,0.0,-0.019418980877,-0.018460071493,-0.017706373837,-0.016967562299,-0.016274626372,-0.015662999728,-0.015074978685,0.06989598473273387,0.0699783195204313,0.07005219600119118,0.07011929149175786,0.07018034442955882,0.07023609267931688,0.07028728836547272,0.07033440432088606
cos-2-1d,2.25,0.07010804,-0.017545624373628128,-0.01663,0.0,-0.01974441686,-0.018884746834,-0.017960927478,-0.017270570219,-0.016588595299,-0.015917657638,-0.015391327657,0.06986426951379239,0.06994794696192863,0.07002349109162886,0.07009152375240581,0.0701536428515043,0.07021044540785248,0.07026245477207986,0.07031054279953486
cos-2-1d,2.5,0.069973857,-0.01910404885966369,-0.01811,0.0,-0.021503584048,-0.020518008233,-0.019609188843,-0.018801972745,-0.018061341128,-0.017330647831,-0.016747897078,0.06970896692498749,0.06979990204699248,0.06988180977351047,0.0699559387605494,0.07002343786918672,0.07008517082495411,0.07014169781570198,0.07019393589661292
cos-2-1d,3.0,0.069713832,-0.022111093139944263,-0.02097,0.0,-0.02491060912,-0.023709611523,-0.022653071947,-0.021761577146,-0.020906805457,-0.020121823026,-0.01938531678,0.06940852082369044,0.06951342050166207,0.06960768921463432,0.06969299615339543,0.06977083251073349,0.06984203831262036,0.06990744578446714,0.06996771179658337
cos-2-2d,1.0,0.070837265,-0.009019401718566465,-0.00855,0.0,-0.01047512043,-0.009304481771,-0.009356563259,-0.009150394679,-0.008060103016,-0.008499534433,-0.007703211104,0.07071021979953222,0.07075513860112581,0.07079277827348104,0.0708286002232556,0.07086185170490075,0.07088972387382955,0.07091775910470212,0.07094204701486087
cos-2-2d,1.2,0.070711955,-0.010517106718473706,-0.00992,0.0,-0.012049807895,-0.011316494955,-0.01056379621,-0.010300905981,-0.01023350425,-0.009282151031,-0.009195252567,0.07056414284319926,0.07061570984423998,0.07066140118449275,0.0707017713323673,0.07073913771438956,0.07077446618526051,0.07080503361015551,0.07083398074223456
cos-2-2d,1.25,0.07068161,-0.010843331179710444,-0.01034,0.0,-0.012044442683,-0.011544886852,-0.011346905222,-0.010756944838,-0.010009749346,-0.00994063163,-0.009649939636,0.0705300653123923,0.07058158445254015,0.07062817572303813,0.07067151909470393,0.07071052351071336,0.07074506536029053,0.07077778815635247,0.070808155284306
cos-2-2d,1.3,0.07065099,-0.011241478240634043,-0.01057,0.0,-0.012882327798,-0.01220543002,-0.01133687263,-0.01093467905,-0.010762947082,-0.01020436475,-0.009612731636,0.07049290652925207,0.07054798202383732,0.07059721650313348,0.07064050255777786,0.07068013421309235,0.07071725993306187,0.07075083789528058,0.07078107639100557
cos-2-2d,1.5,0.070531577,-0.012642736920050687,-0.01194,0.0,-0.014316961309,-0.0136838888,-0.012895083337,-0.012305528243,-0.011891253528,-0.011616626696,-0.011001468493,0.07035460054335774,0.0704156920567917,0.07047078919089046,0.07051993864996815,0.07056446425700683,0.07060541595902008,0.0706435818367157,0.07067813744587854
cos-2-2d,1.75,0.070386358,-0.014320221037875894,-0.01355,0.0,-0.016148559284,-0.015424926763,-0.014714011548,-0.014142761839,-0.013508829875,-0.012936928663,-0.012470225947,0.0701863128758684,0.07025505894291259,0.07031702763738466,0.07037299030511412,0.07042405942356082,0.07047049108203025,0.07051291482909168,0.07055201263187029
cos-2-2d,2.0,0.070245418,-0.015961965521550502,-0.01513,0.0,-0.017962592736,-0.017146910418,-0.016326521203,-0.015719911749,-0.015130671266,-0.014525637537,-0.013961265713,0.07002323755502089,0.07009953267176258,0.07016827021587643,0.07023023717340514,0.0702868884805583,0.07033879538230836,0.07038634168195389,0.07043003720489713
cos-2-2d,2.2,0.070135490,-0.017230015925592732,-0.01634,0.0,-0.019418980877,-0.018460071493,-0.017706373837,-0.016967562299,-0.016274626372,-0.015662999728,-0.015074978685,0.06989598473273387,0.0699783195204313,0.07005219600119118,0.07011929149175786,0.07018034442955882,0.07023609267931688,0.07028728836547272,0.07033440432088606
cos-2-2d,2.25,0.07010804,-0.017545624373628128,-0.01663,0.0,-0.01974441686,-0.018884746834,-0.017960927478,-0.017270570219,-0.016588595299,-0.015917657638,-0.015391327657,0.06986426951379239,0.06994794696192863,0.07002349109162886,0.07009152375240581,0.0701536428515043,0.07021044540785248,0.07026245477207986,0.07031054279953486
cos-2-2d,2.5,0.069973857,-0.01910404885966369,-0.01811,0.0,-0.021503584048,-0.020518008233,-0.019609188843,-0.018801972745,-0.018061341128,-0.017330647831,-0.016747897078,0.06970896692498749,0.06979990204699248,0.06988180977351047,0.0699559387605494,0.07002343786918672,0.07008517082495411,0.07014169781570198,0.07019393589661292
cos-2-2d,3.0,0.069713832,-0.022111093139944263,-0.02097,0.0,-0.02491060912,-0.023709611523,-0.022653071947,-0.021761577146,-0.020906805457,-0.020121823026,-0.01938531678,0.06940852082369044,0.06951342050166207,0.06960768921463432,0.06969299615339543,0.06977083251073349,0.06984203831262036,0.06990744578446714,0.06996771179658337
p-cos-s2,1.0,0.070245418,-0.015961965521550502,-0.01513,0.0,-0.017962592736,-0.017146910418,-0.016326521203,-0.015719911749,-0.015130671266,-0.014525637537,-0.013961265713,0.07002323755502089,0.07009953267176258,0.07016827021587643,0.07023023717340514,0.0702868884805583,0.07033879538230836,0.07038634168195389,0.07043003720489713
p-cos-s2,1.2,0.070027327,-0.018479551996300678,-0.01751,0.0,-0.020812167099,-0.019864140709,-0.018990973012,-0.018151864475,-0.017474694098,-0.016768432854,-0.016167624038,0.06977081064344581,0.06985889811118626,0.06993826114395456,0.07001010987139926,0.07007532446428853,0.0701350956856312,0.07018982715687028,0.07024028926955658
p-cos-s2,1.25,0.069973857,-0.01910404885966369,-0.01811,0.0,-0.021503584048,-0.020518008233,-0.019609188843,-0.018801972745,-0.018061341128,-0.017330647831,-0.016747897078,0.06970896692498749,0.06979990204699248,0.06988180977351047,0.0699559387605494,0.07002343786918672,0.07008517082495411,0.07014169781570198,0.07019393589661292
p-cos-s2,1.3,0.069921074,-0.0197029788118365,-0.01869,0.0,-0.022131468507,-0.021159735687,-0.020198665529,-0.019413324848,-0.018634438276,-0.017909538737,-0.017298796293,0.06964824341920745,0.06974175401491767,0.06982615469176515,0.06990245249236818,0.06997209416211508,0.07003574013029834,0.0700941148629405,0.07014803530140873
p-cos-s2,1.5,0.069713832,-0.022111093139944263,-0.02097,0.0,-0.02491060912,-0.023709611523,-0.022653071947,-0.021761577146,-0.020906805457,-0.020121823026,-0.01938531678,0.06940852082369044,0.06951342050166207,0.06960768921463432,0.06969299615339543,0.06977083251073349,0.06984203831262036,0.06990744578446714,0.06996771179658337
p-cos-s2,1.75,0.06946315,-0.02501036464749728,-0.02374,0.0,-0.028086188298,-0.026821128469,-0.025693700029,-0.024649275807,-0.023647585611,-0.022733876076,-0.021950797652,0.0691192235586579,0.06923701411926189,0.06934323954640081,0.06943963721255768,0.06952748822644961,0.0696077532223802,0.06968140794988928,0.06974943288067773
p-cos-s2,2.0,0.069220447,-0.02782433156533834,-0.02641,0.0,-0.0312480759,-0.029844258794,-0.028578231982,-0.027358083012,-0.026293806412,-0.025349749689,-0.024448250428,0.0688392973218688,0.0689698302803206,0.0690875829050674,0.06919441579418922,0.06929158352451334,0.06938053329470568,0.06946239999038187,0.06953793052626536
p-cos-s2,2.2,0.069031340,-0.030008312726605202,-0.02847,0.0,-0.03368069119,-0.032223475094,-0.030763482101,-0.029546272016,-0.028418210997,-0.027302869604,-0.026342688417,0.06862144400858995,0.06876170385354008,0.06888846880224134,0.0690031460610937,0.06910780138127855,0.06920368782376964,0.06929164134268075,0.0693728279193955
p-cos-s2,2.25,0.068984718,-0.030553506235876104,-0.029,0.0,-0.034342855573,-0.032734304873,-0.031375276408,-0.03004897485,-0.028896740658,-0.027836892124,-0.026825424171,0.0685676612139366,0.06871056935372029,0.06883924998814145,0.06895612620768704,0.06906249098707014,0.06915992925721662,0.06924954748860963,0.06933217249078767
p-cos-s2,2.5,0.068755170,-0.03320733434181714,-0.03152,0.0,-0.03729223272,-0.035601467615,-0.034073006188,-0.032686312703,-0.031404535156,-0.030268075574,-0.029160777078,0.0683035300935761,0.06845812728606786,0.06859757616829898,0.06872406534619051,0.0688393839787573,0.06894494276471504,0.06904209054272796,0.06913164423966127
p-cos-s2,3.0,0.068312145,-0.038333984081901175,-0.0364,0.0,-0.043011750673,-0.041078514008,-0.039338052571,-0.037718360687,-0.036297466788,-0.034922774465,-0.03371956388,0.06779445182202191,0.06797146135874942,0.0681312446851956,0.06827630718648604,0.06840852915186657,0.06852978521520137,0.06864120973954942,0.06874417278632036
p*cos-s25,1.0,0.070167966,-0.016851880002275187,-0.01597,0.0,-0.018973461852,-0.018103454958,-0.017295573,-0.01657965699,-0.01592297877,-0.015308301206,-0.014758473348,0.06993360554562116,0.07001409358342851,0.07008657919721192,0.07015214946289851,0.07021183399553735,0.07026640169217596,0.07031645919884126,0.07036260475451935
p*cos-s25,1.2,0.069937643,-0.019527157942742845,-0.01851,0.0,-0.021976039046,-0.020970532607,-0.020038338031,-0.019209616996,-0.018457934799,-0.017747801858,-0.017111716778,0.06966706096891731,0.06975993948860174,0.0698436068421829,0.06991931761684636,0.06998824478852884,0.07005130218842563,0.07010916238855798,0.07016251092758896
p*cos-s25,1.25,0.069881381,-0.020179890004329928,-0.01913,0.0,-0.022705642248,-0.021670140573,-0.020708170682,-0.019853007442,-0.01907661262,-0.018343526135,-0.017686352043,0.069602005421726,0.06969788001360161,0.0697842634464115,0.06986243998419699,0.06993361896965831,0.06999874006081157,0.07005849835771442,0.07011359927207485
p*cos-s25,1.3,0.069825602,-0.020826726251702232,-0.01975,0.0,-0.023429272345,-0.022362362948,-0.021372911919,-0.020490752523,-0.019690034559,-0.018932657085,-0.01825587272,0.06953752721506791,0.06963636785681618,0.06972543377671554,0.06980605324409779,0.06987946064297622,0.06994662470094679,0.07000825715336775,0.07006509231237987
p*cos-s25,1.5,0.069606955,-0.023360705860871793,-0.02216,0.0,-0.02626918226,-0.025075360641,-0.023970587928,-0.022984537172,-0.02208722431,-0.021248969051,-0.020489266892,0.06928494517938406,0.06939537346747462,0.06949490693657881,0.06958503232969482,0.06966711816482175,0.06974223465625426,0.06981120910576175,0.06987482100388265
p*cos-s25,1.75,0.069342577,-0.02642223089285837,-0.02507,0.0,-0.029699196089,-0.028349971536,-0.027111325214,-0.025998941461,-0.024987640715,-0.024044674603,-0.023187285315,0.068979878619496,0.06910418894249236,0.06921625887007306,0.06931779281478485,0.06941029470311523,0.06949496794399501,0.06957274563206259,0.06964449232224917
p*cos-s25,2.0,0.069086753,-0.029383019980631975,-0.02788,0.0,-0.033011548849,-0.031519404809,-0.030145683544,-0.028916467808,-0.027793411349,-0.026748792559,-0.025799515433,0.06868503484327805,0.06882263271563255,0.06894673527254293,0.06905920272743375,0.06916170878074157,0.06925555879526313,0.06934179088455886,0.06942136002099279
p*cos-s25,2.2,0.068887495,-0.031689179628617135,-0.03007,0.0,-0.035593024415,-0.033984584864,-0.032511212725,-0.031186713189,-0.0299800223,-0.028855677901,-0.027834706796,0.0684556037164847,0.06860347763702988,0.06873686974848876,0.06885780104967203,0.06896803890591006,0.06906899435722517,0.06916177252467963,0.06924739947103731
p*cos-s25,2.25,0.068838369,-0.03225764381495424,-0.03061,0.0,-0.036228290045,-0.034593354553,-0.033094019763,-0.031746236216,-0.030519083203,-0.029375557342,-0.028336228455,0.06839907070041681,0.06854946247822825,0.06868513951081309,0.06880814796376261,0.06892028429649087,0.06902298518526781,0.06911737311968999,0.06920448789114061
p*cos-s25,2.5,0.068596566,-0.03505667231379233,-0.03328,0.0,-0.039358177788,-0.037586258854,-0.035963966298,-0.034503214631,-0.033172765017,-0.031934507806,-0.0308077698,0.06812096664408754,0.06828370242796199,0.06843055884435817,0.068563749581907,0.06868520001651912,0.06879645734317369,0.06889873688795121,0.06899315556585937
p*cos-s25,3.0,0.068130094,-0.040460397811094756,-0.03842,0.0,-0.045397329091,-0.043362998252,-0.041502897453,-0.039826226606,-0.038297573394,-0.036877494929,-0.035582240265,0.06758521595037505,0.06777147990500205,0.0679396639387785,0.06809228807515556,0.06823153042678838,0.06835914329257596,0.06847651690028486,0.06858491144886616
p2h-s1,1.0,0.070756957,-0.011461866071794844,-0.00977,0.0,-0.020493243394,-0.009293696864,-0.00675256024,-0.014987604169,-0.008881290363,-0.004069504544,-0.014160906918,0.07058823385364497,0.07067598683230716,0.07071354080697971,0.07073936248030176,0.07079376523550518,0.07082444820987714,0.07083785749727277,0.07088246235597158
p2h-s1,1.2,0.070615501,-0.011572780370522512,-0.01024,0.0,-0.011895302681,-0.016497238362,-0.013319371085,-0.007472368291,-0.012210182066,-0.013263984503,-0.004938387883,0.07044720987775888,0.07049803108082485,0.07056453897271539,0.07061537371935253,0.07064244453586803,0.07068454137691339,0.07072817007946192,0.07074369803487195
p2h-s1,1.25,0.070587908,-0.011783899576236928,-0.01171,0.0,-0.014403372309,-0.009449762911,-0.007310389518,-0.018731153877,-0.010306361207,-0.008025776405,-0.014192150361,0.07042868020163268,0.07049020531261711,0.07052828971545193,0.07055617170444009,0.07062399342157911,0.07065951556033943,0.07068590186911938,0.07073050927740265
p2h-s1,1.3,0.070556366,-0.012625548292679395,-0.01159,0.0,-0.011140436302,-0.018697786571,-0.013300409673,-0.008545743398,-0.010212724157,-0.015458719357,-0.010413184315,0.07038112694261994,0.07042867733717617,0.07050398722361016,0.07055470601664482,0.07058563969856947,0.07062081990966047,0.07067162442222716,0.07070434478675576
p2h-s1,1.5,0.070421672,-0.01440465532544095,-0.01325,0.0,-0.015652523807,-0.0179418327,-0.015368207353,-0.013241829278,-0.010624330734,-0.011116605013,-0.015914615799,0.07021971777396861,0.0702863828791324,0.07035850041422635,0.07041698673202641,0.07046483139645722,0.07050136721521624,0.07053783604833341,0.07058775447663966
p2h-s1,1.75,0.070263786,-0.015722099115578682,-0.01537,0.0,-0.017911184251,-0.01480667702,-0.013849779761,-0.017604755799,-0.016915980153,-0.014620471041,-0.013861051681,0.07004891909725351,0.0701250236424069,0.07018439740651661,0.0702369725064622,0.07030042555349339,0.07035847079620934,0.07040634100354934,0.07044973510952576
p2h-s1,2.0,0.070108173,-0.017519448299724745,-0.01666,0.0,-0.020843975443,-0.017498561785,-0.018171395432,-0.017024903385,-0.015814585626,-0.014839112741,-0.017466206072,0.06986548701685436,0.06995382891263889,0.0700238310371819,0.07009266163735725,0.07015389772578634,0.07020804909753088,0.07025653155224577,0.07031110016034199
p2h-s1,2.2,0.069984804,-0.019308065727076242,-0.01863,0.0,-0.02089703604,-0.020262366528,-0.020344911311,-0.01792535413,-0.019462242306,-0.018963487548,-0.016439673521,0.06971971688657623,0.0698080990191548,0.06988899513387313,0.06996591482462572,0.07003027460092241,0.07009680455074915,0.07015866995581396,0.0702099587178609
p2h-s1,2.25,0.069959221,-0.01925957109920581,-0.0181,0.0,-0.023429529192,-0.019494204739,-0.019674020812,-0.019448799957,-0.017120398176,-0.017365115317,-0.016878855058,0.06969013578331182,0.06978919442958495,0.06986700092556318,0.06994135936764814,0.07001116719379234,0.07006967244598773,0.07012629937894452,0.07017893452421482
p2h-s1,2.5,0.069811933,-0.021113352639113795,-0.01987,0.0,-0.023417358176,-0.02371633642,-0.020980894269,-0.021540495556,-0.018751384323,-0.019562447711,-0.018507812391,0.0695195537006937,0.06961831851011727,0.06971275627413101,0.06979188180735688,0.06986903628517903,0.06993298753655192,0.06999665869573221,0.07005426898345633
p2h-s1,3.0,0.069524912,-0.02430710676354877,-0.02341,0.0,-0.026179419911,-0.025842598984,-0.024746866969,-0.024758972051,-0.023470761691,-0.021453598071,-0.022627124663,0.0691936097847059,0.06930351536239991,0.06940596075090094,0.06949888768699759,0.06958720520512071,0.06966693810250482,0.06973650192706558,0.06980667927354035
p4h-s2,1.0,0.070108173,-0.017519448299724745,-0.01666,0.0,-0.020843975443,-0.017498561785,-0.018171395432,-0.017024903385,-0.015814585626,-0.014839112741,-0.017466206072,0.06986548701685436,0.06995382891263889,0.0700238310371819,0.07009266163735725,0.07015389772578634,0.07020804909753088,0.07025653155224577,0.07031110016034199
p4h-s2,1.2,0.069872995,-0.02019941633752275,-0.01902,0.0,-0.021702429038,-0.02350665302,-0.019131366,-0.020422233999,-0.019369032091,-0.017932562097,-0.018222670444,0.06959432171025762,0.0696859473301759,0.06977964050727818,0.06985185650072627,0.06992506631095631,0.0699911780085987,0.07004959062511837,0.07010635587006882
p4h-s2,1.25,0.069811933,-0.021113352639113795,-0.01987,0.0,-0.023417358176,-0.02371633642,-0.020980894269,-0.021540495556,-0.018751384323,-0.019562447711,-0.018507812391,0.0695195537006937,0.06961831851011727,0.06971275627413101,0.06979188180735688,0.06986903628517903,0.06993298753655192,0.06999665869573221,0.07005426898345633
p4h-s2,1.3,0.069749645,-0.021766693125783085,-0.02063,0.0,-0.023984401842,-0.023875805425,-0.022520637148,-0.022420897839,-0.019118900178,-0.020492038381,-0.018598359192,0.06944851341633526,0.06954956815152263,0.06964454746200079,0.06972940028107945,0.06980963812963698,0.06987478793846885,0.06994143063113767,0.06999927720783504
p4h-s2,1.5,0.069524912,-0.02430710676354877,-0.02341,0.0,-0.026179419911,-0.025842598984,-0.024746866969,-0.024758972051,-0.023470761691,-0.021453598071,-0.022627124663,0.0691936097847059,0.06930351536239991,0.06940596075090094,0.06949888768699759,0.06958720520512071,0.06966693810250482,0.06973650192706558,0.06980667927354035
p4h-s2,1.75,0.069249804,-0.02745551931831952,-0.02600,0.0,-0.029954538575,-0.03064179885,-0.028590483813,-0.026604716758,-0.025281534259,-0.02460170245,-0.02492423615,0.06887386885337889,0.06899905623358517,0.06912000959753677,0.06922693848681272,0.06932147307153927,0.0694070331876397,0.06948651303729515,0.06956354163067274
p4h-s2,2.0,0.068984887,-0.03062990343077311,-0.02904,0.0,-0.03343190772,-0.034091630908,-0.031336035496,-0.028946166566,-0.029459253172,-0.027929384016,-0.027552251196,0.06856812449954142,0.06870723908313478,0.06884125415718464,0.06895798747476992,0.06906044849506836,0.0691597819530805,0.06924969795530947,0.06933456321336849
p4h-s2,2.2,0.068776314,-0.03313680737615746,-0.03144,0.0,-0.037699486467,-0.035115930032,-0.033390476996,-0.033320346655,-0.03104765779,-0.02963996978,-0.029801487192,0.06832565276250654,0.06848199079950629,0.06861958389618417,0.06874357680111554,0.06886116761894394,0.06896555896205758,0.06906071784106495,0.06915226517569789
p4h-s2,2.25,0.068726072,-0.03338292807869657,-0.03175,0.0,-0.036485178741,-0.036455923805,-0.034816762835,-0.032564574172,-0.032718771095,-0.03046705677,-0.028181401584,0.0682721030644742,0.06842328127429304,0.06856600781356234,0.06869520115623126,0.0688100416781115,0.06891997460064819,0.06901772606404369,0.06910423964181843
p4h-s2,2.5,0.068474438,-0.03650922085011675,-0.03462,0.0,-0.041832601294,-0.038341193726,-0.038120073678,-0.034744569578,-0.035372451953,-0.03335624453,-0.031517731482,0.06797900955360285,0.06815162893933231,0.06830114849893992,0.06844206550752469,0.06856414920837937,0.06868258128619238,0.06878924104760677,0.06888568360495449
p4h-s2,3.0,0.067990209,-0.04207429725850387,-0.03997,0.0,-0.047677371736,-0.044447872739,-0.04361861852,-0.041497116716,-0.039563012316,-0.038888731579,-0.036258393368,0.0674239908386116,0.06761915658745356,0.067791166190326,0.06795122930689516,0.06809601915699998,0.06822759088497658,0.06835113343691322,0.06846138716842108
p3-s15,1.0,0.070529879,-0.012692439543077949,-0.01193,0.0,-0.014205552603,-0.014218184881,-0.01255671962,-0.012665608115,-0.011223361775,-0.01239286656,-0.010788934962,0.07035217290798741,0.07041278673605515,0.0704700336847637,0.07051789252357267,0.0705637201162044,0.07060237066131367,0.07064308581742314,0.07067697346079778
p3-s15,1.2,0.070356021,-0.014669840209073507,-0.01392,0.0,-0.016545811055,-0.015688803959,-0.014970452137,-0.014231807408,-0.013871401248,-0.013313639683,-0.013236577731,0.07015194559718549,0.07022234916339043,0.07028534909810771,0.07034226184489512,0.07039363018193119,0.0704412878674393,0.0704849292435004,0.07052641401877327
p3-s15,1.25,0.070313172,-0.015115096394725483,-0.01438,0.0,-0.01652495377,-0.016492726988,-0.015496733672,-0.015275839859,-0.01415764238,-0.014059589656,-0.012926705102,0.07010289551327527,0.07017316112189945,0.07023934441911166,0.07029822019203225,0.07035332381782794,0.07040193742436154,0.07044799903732352,0.07048849113459826
p3-s15,1.3,0.07027124,-0.015669498623997684,-0.01484,0.0,-0.017958236318,-0.016538093482,-0.016470009309,-0.015097974864,-0.014941810131,-0.013820482093,-0.013850738474,0.0700524647397755,0.07012877318008945,0.0701950966341886,0.07025763233946805,0.07031206267059349,0.07036333979288471,0.07040859297333756,0.07045195616927041
p3-s15,1.5,0.070105194,-0.01757544275259165,-0.01661,0.0,-0.019758683505,-0.019154514319,-0.017709176198,-0.017488854413,-0.016403303716,-0.016122238095,-0.015312031801,0.06986087717250954,0.06994461105335387,0.07002123126301656,0.0700883077152692,0.07015120940883655,0.07020737528875437,0.07026005104652144,0.07030788960431358
p3-s15,1.75,0.069904679,-0.019902794635857122,-0.01888,0.0,-0.022443064808,-0.021247977753,-0.020560514032,-0.019672078268,-0.018672631277,-0.018264338205,-0.017239741215,0.06962886728308933,0.06972366896026953,0.06980839984787071,0.06988604549529177,0.0699565992991343,0.07002036165215163,0.07007988024512042,0.07013360562536987
p3-s15,2.0,0.069710361,-0.022149687322625847,-0.021,0.0,-0.024905979762,-0.023823834769,-0.02261517088,-0.021734095587,-0.02109260682,-0.020087177288,-0.019469973507,0.06940463898495576,0.0695095132881021,0.06960423113439694,0.06968939102712424,0.06976712501290805,0.06983896013783278,0.0699042520607607,0.06996477860643609
p3-s15,2.2,0.069558769,-0.023912076270557345,-0.02269,0.0,-0.026889828332,-0.0256071463,-0.024525926899,-0.023487405215,-0.022694382742,-0.021827695041,-0.020932619328,0.06922951433064856,0.06934246333199083,0.06944403170275915,0.06953617895423761,0.06962000289797256,0.06969713322143241,0.06976794135712291,0.06983289006859504
p3-s15,2.25,0.06952121,-0.024340025145202265,-0.02311,0.0,-0.027279407177,-0.026108566664,-0.025125853461,-0.024012929226,-0.022822117364,-0.022195094005,-0.021389535208,0.06918623691904037,0.06930075204332288,0.06940424844259067,0.06949859714964057,0.06958425146745607,0.06966177632706262,0.06973374037970641,0.06980007492775227
p3-s15,2.5,0.069336693,-0.026503512196407984,-0.02510,0.0,-0.029927283713,-0.028479412528,-0.026991805504,-0.026062421291,-0.025217457578,-0.024082795503,-0.023153335827,0.06897266426052236,0.06909791704280059,0.06921048886063202,0.06931156644164282,0.06940428600732929,0.06948973108849633,0.06956762628562296,0.06963926260279223
p3-s15,3.0,0.068979907,-0.030607796590029962,-0.02906,0.0,-0.034412378726,-0.032715970252,-0.031505580273,-0.030104511253,-0.028964570943,-0.027870358758,-0.026865361815,0.0685621518431237,0.06870533807999413,0.0688339367808448,0.06895128975125864,0.06905784379141681,0.0691555043713286,0.06924522467451727,0.06932796759667445
p4-s2,1.0,0.070244249,-0.01598710327883122,-0.01515,0.0,-0.017868085783,-0.017326355861,-0.016277522911,-0.015640176836,-0.015362611867,-0.014435080743,-0.014056438835,0.07002188377664394,0.07009777579561641,0.07016723130574073,0.07022901129474103,0.07028537415465994,0.07033807590878322,0.07038532520896404,0.07042931805944583
p4-s2,1.2,0.070026219,-0.01848401571536881,-0.01753,0.0,-0.020745520651,-0.019881094614,-0.01910106986,-0.018157971241,-0.017364059532,-0.01686003321,-0.016157771277,0.06976970280369812,0.0698575066188264,0.06993693584372741,0.07000919994733784,0.07007443564247422,0.07013382753077792,0.0701888571040136,0.07023928775640473
p4-s2,1.25,0.069972493,-0.019127297634204024,-0.01810,0.0,-0.02160727576,-0.020595873872,-0.019545474259,-0.018792806973,-0.018175858323,-0.017288647432,-0.016702493264,0.06970706267128665,0.06979843407967756,0.06988065109906172,0.06995453787226485,0.07002200270887764,0.07008412598023556,0.07014051508344175,0.07019261061505672
p4-s2,1.3,0.069919787,-0.01970076315756631,-0.01873,0.0,-0.022017768915,-0.021114948419,-0.020265767294,-0.019482390873,-0.018574884621,-0.017906460175,-0.017400639458,0.06964727360058978,0.06974030217301591,0.06982452234400674,0.06990107196202142,0.06997096013674921,0.07003440157889784,0.07009276515753979,0.07014700212008654
p4-s2,1.5,0.069712426,-0.022111095056643566,-0.02098,0.0,-0.024902245828,-0.023653984899,-0.022665495742,-0.02182206452,-0.020930505466,-0.020073125028,-0.019408308763,0.06940718078377683,0.06951204319239479,0.06960608872259351,0.06969144051301168,0.0697694915991933,0.06984077679134094,0.06990602471426836,0.0699663610092818
p4-s2,1.75,0.069461674,-0.025016040328145157,-0.02375,0.0,-0.028063682188,-0.026807725005,-0.025713408931,-0.024654677615,-0.023656572072,-0.022750731435,-0.021987354947,0.06911778268503244,0.06923547632351117,0.06934164626722823,0.06943811571208727,0.06952598406508001,0.06960627784348439,0.06967998564669922,0.06974812253212759
p4-s2,2.0,0.069218818,-0.02783510242101155,-0.02642,0.0,-0.031249240804,-0.029858798863,-0.028629374944,-0.02734544044,-0.026271267813,-0.025364463073,-0.024477621814,0.06883753893597176,0.06896807343083136,0.06908588047247127,0.06919290205808515,0.06929002272956473,0.06937889420278899,0.06946080650799538,0.06953642609857816
p4-s2,2.2,0.06902949,-0.030023986677914633,-0.02849,0.0,-0.033673252071,-0.032281645694,-0.030753002745,-0.029567566565,-0.028452807647,-0.027300504562,-0.026358673953,0.06861939943635145,0.06875962409210047,0.06888661425010044,0.06900124932631056,0.06910597725194255,0.06920197797466619,0.06928992169706706,0.0693711555530344
p4-s2,2.25,0.068982941,-0.0305723604825615,-0.02902,0.0,-0.034377360943,-0.032720261393,-0.031431501798,-0.030051028048,-0.028910263859,-0.02787443201,-0.026825462785,0.06856562937822477,0.06870867701308904,0.06883729884761908,0.06895438137208809,0.06906075073321569,0.0691582321786222,0.06924796914242733,0.06933059238040727
p4-s2,2.5,0.068753242,-0.03322735004306104,-0.03154,0.0,-0.037318196777,-0.035614891783,-0.034097929961,-0.032703602625,-0.031413797984,-0.030312903973,-0.029164166681,0.068301344249287,0.06845604424828443,0.068595541521001,0.0687221195542021,0.06883749597073123,0.06894308301938179,0.06904037215476583,0.0691299340388674
p4-s2,3.0,0.068309892,-0.03836047547213721,-0.03643,0.0,-0.043021769793,-0.04110964578,-0.039389874823,-0.037734011614,-0.036330876968,-0.03493496527,-0.033751624378,0.0677918795587646,0.06796892366405388,0.06812882225626427,0.0682740708956513,0.06840634344603476,0.06852770734125664,0.06863916741352015,0.06874222536437755
p*2-s15,1.0,0.070609629,-0.011715123129372937,-0.01107,0.0,-0.013182963596,-0.012737256927,-0.011883749852,-0.011577557428,-0.010894065069,-0.010865451218,-0.010142958429,0.07044552139363783,0.07050184481671971,0.07055319176779154,0.07059853826508464,0.07064047573304351,0.07067803276672689,0.07071376678337223,0.07074565685632671
p*2-s15,1.2,0.070448308,-0.013591429647516218,-0.01289,0.0,-0.015320673101,-0.0145715781,-0.013931267522,-0.013325624138,-0.012855951013,-0.012337244896,-0.01198587592,0.07025860038483349,0.07032388759136375,0.07038248393265682,0.07043551774443453,0.07048367794598193,0.07052790227555748,0.07056839188964067,0.07060600027463872
p*2-s15,1.25,0.070408756,-0.014039716149276155,-0.01332,0.0,-0.015694406304,-0.015159028514,-0.01440919303,-0.013927286304,-0.013225466072,-0.012819952814,-0.012194300663,0.07021282052873197,0.0702796575333909,0.07034057885822574,0.07039540009513794,0.07044570687423153,0.07049117823208773,0.07053323060994462,0.07057147408715006
p*2-s15,1.3,0.070369685,-0.01450910336296624,-0.01374,0.0,-0.016430288837,-0.01551343977,-0.014986884607,-0.014191158483,-0.013739051704,-0.013065870479,-0.012738844662,0.07016712997328765,0.0702370568720255,0.07029936534979979,0.0703563519547201,0.07040758378005706,0.07045479595921912,0.07049763312769432,0.07053756471119658
p*2-s15,1.5,0.070215805,-0.01629861510925327,-0.01543,0.0,-0.018343867116,-0.01758249796,-0.016642840229,-0.016085003507,-0.015350046969,-0.014845679749,-0.014247843364,0.06998893441030661,0.07006681170008623,0.07013726337925957,0.07020040354553701,0.07025834648616214,0.07031098487055461,0.07035955990264389,0.07040413566382397
p*2-s15,1.75,0.070029473,-0.018462094979521212,-0.01751,0.0,-0.020788339497,-0.019797190869,-0.018980451685,-0.018190282477,-0.017412067915,-0.016821026476,-0.016125852856,0.06977324732352597,0.06986123695026121,0.06994033499560608,0.07001214602650882,0.0700775006096799,0.0701370593801384,0.07019196411917956,0.07024229734200346
p*2-s15,2.0,0.069848715,-0.02056091593268169,-0.01949,0.0,-0.02313957476,-0.022090070419,-0.021067245738,-0.020211573606,-0.019472556422,-0.018676040316,-0.018032208428,0.06956421828769571,0.06966187339938548,0.06974988635888017,0.06982938005311055,0.06990181098069932,0.06996825409783951,0.07002906960954487,0.07008522485500863
p*2-s15,2.2,0.069707615,-0.0221986689579131,-0.02105,0.0,-0.024974024117,-0.023818828568,-0.0227728936,-0.021827668352,-0.021008448329,-0.020205462857,-0.019452265847,0.06940114938438058,0.06950630513881001,0.06960099869739872,0.06968674889550318,0.06976481478042373,0.06983636077050707,0.06990203490843752,0.06996250446431745
p*2-s15,2.25,0.069672753,-0.02259995873118242,-0.02144,0.0,-0.025391939105,-0.024255935829,-0.023233524868,-0.022254508669,-0.02131894005,-0.020566739116,-0.019824699886,0.06936092676571384,0.06946778158445366,0.06956416065372995,0.06965160012159685,0.06973115331182465,0.06980372222555618,0.06987053994494367,0.06993213999717819
p*2-s15,2.5,0.069501049,-0.02459753562884883,-0.02332,0.0,-0.027688755754,-0.026413061502,-0.025186659065,-0.0241964691,-0.023297140233,-0.022368732728,-0.021553192383,0.06916249118511304,0.06927868624641809,0.06938335725988616,0.06947790598178759,0.06956418969811662,0.06964330627207042,0.06971581438372926,0.06978263953596818
p*2-s15,3.0,0.069168789,-0.028439681365079964,-0.02699,0.0,-0.031969290852,-0.030479204485,-0.029205422001,-0.027982981301,-0.026897666477,-0.025886281558,-0.024963697581,0.06877945690755224,0.0689128894355484,0.06903305018055855,0.0691421433430226,0.06924145703586246,0.06933238512913524,0.0694159275747993,0.06949299982101483
p*3-s2,1.0,0.070421409,-0.013909276372311662,-0.01318,0.0,-0.015680929972,-0.014956023832,-0.014258052974,-0.013694272601,-0.013140602919,-0.012612121845,-0.012172156704,0.07022716716378405,0.07029396039527665,0.0703540777653795,0.07040833416317106,0.07045780806575254,0.0705029953173453,0.07054437269737983,0.07058255273875708
p*3-s2,1.2,0.070230468,-0.01613044615976594,-0.01529,0.0,-0.018164423558,-0.017338754215,-0.016559523101,-0.015859166785,-0.015241790085,-0.014656648747,-0.014111639528,0.0700058984879967,0.0700830322375736,0.0701525228542156,0.07021536045599433,0.07027250170693913,0.07032477924918978,0.07037274496995916,0.07041690274396814
p*3-s2,1.25,0.070183801,-0.016672066355022375,-0.01580,0.0,-0.018776168345,-0.017902069245,-0.017106298812,-0.016411822265,-0.015756154665,-0.015136818165,-0.01460494662,0.06995188807303976,0.07003155951100129,0.07010325625189551,0.07016812404875071,0.070227217597969,0.07028122520292777,0.07033073221162206,0.0703764068462435
p*3-s2,1.3,0.070137518,-0.01721139656420493,-0.01631,0.0,-0.019375525016,-0.018493463678,-0.017666829316,-0.016926227776,-0.016260562793,-0.015641149629,-0.015073396288,0.06989827096990985,0.06998042408737866,0.07005443649881857,0.07012138421126535,0.070182290171683,0.07023799177223487,0.07028911739605678,0.07033622963005744
p*3-s2,1.5,0.069955856,-0.019323259067515447,-0.01832,0.0,-0.021750886142,-0.020755790059,-0.019831209723,-0.019009463976,-0.018254236968,-0.017559473548,-0.016933838059,0.06968800753663817,0.06977996149211237,0.0698627953341005,0.069937743682341,0.0700059702980996,0.07006834729390196,0.0701256071971077,0.07017841334508222
p*3-s2,1.75,0.069735892,-0.021874486493732664,-0.02074,0.0,-0.024608048319,-0.0234781529,-0.022444694696,-0.02152539044,-0.02068590534,-0.019890409461,-0.019174546261,0.0694337508844854,0.06953741318256264,0.06963079322444578,0.06971534303417516,0.06979235882435035,0.06986283362685926,0.0699275077746055,0.06998713536080581
p*3-s2,2.0,0.069522720,-0.024345469655761596,-0.02309,0.0,-0.027378604229,-0.026124906967,-0.02498144229,-0.023956029435,-0.023017295745,-0.02214551296,-0.021356652087,0.0691875717365737,0.0693025058392434,0.06940606968195125,0.06949987821384686,0.0695853310200286,0.06966352046996786,0.06973532547891834,0.06980155950490051
p*3-s2,2.2,0.069356475,-0.026271861489478417,-0.02492,0.0,-0.029530284492,-0.028192142424,-0.026957783703,-0.025849119104,-0.024846700382,-0.023906762325,-0.023051637358,0.06899575594530052,0.06911938708112621,0.0692308571038364,0.06933183689783673,0.06942382401148403,0.06950803578290586,0.06958538165722904,0.069656721361557
p*3-s2,2.25,0.069315467,-0.02674700078586549,-0.02537,0.0,-0.030068012859,-0.028697086953,-0.027443523704,-0.026320402335,-0.025291509456,-0.024338842389,-0.023472999569,0.06894845534991388,0.06907425348429101,0.06918764757246657,0.06929038406383937,0.06938399342473757,0.06946966451694922,0.0695483656271257,0.0696209713911873
p*3-s2,2.5,0.069113443,-0.02908676295588527,-0.0276,0.0,-0.032681955905,-0.031206157243,-0.029840908323,-0.028625671143,-0.027509671486,-0.026476473462,-0.025535839753,0.0687155971230913,0.06885188044738366,0.0689748007579593,0.0690861755583802,0.06918768964237071,0.0692806158043065,0.06936600033872241,0.06944478329873743
p*3-s2,3.0,0.068723012,-0.033608798090052024,-0.0319,0.0,-0.037740871002,-0.036041065547,-0.034479579802,-0.033076755465,-0.031799623205,-0.030607647744,-0.029527139122,0.06826613585793023,0.0684225093789702,0.068563608464675,0.06869154499040757,0.06880818706831958,0.06891502643827553,0.06901322224883788,0.06910386387860805
pg5-s25,1.0,0.070289774,-0.01543946938612298,-0.01463,0.0,-0.017390142973,-0.016591797923,-0.015845023458,-0.015189488337,-0.014585624893,-0.01402109328,-0.013514082103,0.07007463430031005,0.0701485509011621,0.07021510859602934,0.0702752873998406,0.0703300615392484,0.07038012868757101,0.07042604990906576,0.07046836929150822
pg5-s25,1.2,0.070078285,-0.017899947644583837,-0.01697,0.0,-0.020150429952,-0.019227647492,-0.018369766876,-0.017611818332,-0.016914656967,-0.016263245339,-0.015678783435,0.06982969655979265,0.0699150534946238,0.06999193390372116,0.07006148458320897,0.07012480449548536,0.07018270020154982,0.0702358181674114,0.0702847860519769
pg5-s25,1.25,0.070026598,-0.018500578205937167,-0.01754,0.0,-0.020823710931,-0.019871031999,-0.018986148431,-0.018203794187,-0.017483339939,-0.016810927267,-0.016206662405,0.06976987859003203,0.0698580137704772,0.06993740334659242,0.07000923293078058,0.07007463336056782,0.07013443357737066,0.0701893032848577,0.07023988690978561
pg5-s25,1.3,0.069975348,-0.019095853369886093,-0.01810,0.0,-0.021491869575,-0.020508340474,-0.019596826008,-0.018789550525,-0.018046831808,-0.017353391949,-0.016730890939,0.06971058192362217,0.06980146958037646,0.06988334052922995,0.0699574243788123,0.07002488030266787,0.07008656491494372,0.07014316724550171,0.07019535335637198
pg5-s25,1.5,0.069774359,-0.02142854578043356,-0.02032,0.0,-0.024106716911,-0.023006824917,-0.021989300202,-0.021082597047,-0.020258893123,-0.019481694221,-0.018784926941,0.06947819347496524,0.06957980735125936,0.06967136732621179,0.06975424889908162,0.06982972165544078,0.06989877790008041,0.06996215508869463,0.07002059950300141
pg5-s25,1.75,0.069531158,-0.02424813660285478,-0.023,0.0,-0.0272662947,-0.026025014341,-0.024881146315,-0.023858796304,-0.022927143135,-0.022057503158,-0.021268885881,0.06919730509230705,0.06931178343766321,0.06941496480453223,0.06950840843300268,0.0695935246352828,0.06967141683733871,0.06974294444203563,0.06980891335403275
pg5-s25,2.0,0.069295651,-0.026976555275126535,-0.02559,0.0,-0.030321676542,-0.028945303166,-0.027678970203,-0.026545338558,-0.025512264579,-0.024548631936,-0.023674182273,0.06892560770008677,0.06905242604670327,0.06916676560894913,0.06927035289445166,0.06936473550007557,0.06945113084557086,0.06953048953268992,0.06960369909274185
pg5-s25,2.2,0.069112104,-0.029102449015912028,-0.02761,0.0,-0.032701531333,-0.031219767718,-0.029859102156,-0.028638725881,-0.027526797996,-0.026490447242,-0.025549087258,0.06871405116284386,0.06885041312941771,0.06897338447845601,0.06908482495000579,0.06918638337804273,0.06927936567570765,0.06936479376070695,0.06944361624393743
pg5-s25,2.25,0.069066837,-0.02962669331123432,-0.02811,0.0,-0.033287992885,-0.031780960776,-0.030396685431,-0.029155111418,-0.028023404772,-0.026969457033,-0.026011485159,0.06866190218666465,0.06880060675836873,0.06892570003763886,0.06903907010048889,0.06914239262469914,0.06923699336068001,0.06932391396176313,0.06940411653678118
pg5-s25,2.5,0.068843943,-0.03220832776432504,-0.03057,0.0,-0.036176767497,-0.03454243283,-0.033043607535,-0.031697490023,-0.030470551981,-0.029328328146,-0.0282896167,0.06840526485486279,0.06855545611631278,0.06869094507935393,0.0688137763670565,0.06892574953346021,0.06902829511761989,0.06912253844379787,0.06920951632505241
pg5-s25,3.0,0.068413566,-0.03719523532935908,-0.03531,0.0,-0.041753390315,-0.039875085419,-0.03815654074,-0.03660925744,-0.035198585515,-0.033887409259,-0.032692966481,0.06791039373369351,0.06808251194074028,0.06823786234261724,0.06837878360143365,0.06850730655839499,0.06862505830396537,0.0687333271009755,0.06883328711114886
pg6-s3,1.0,0.072968254,-0.01903039999924518,-0.02256,0.0,-0.007762465367,-0.016546905667,-0.039444281951,-0.015344939245,0.008376529817,-0.013627019019,-0.052750961561,0.07273888915856763,0.0727731278828805,0.0728419888938346,0.07299750059767698,0.07305497899933926,0.0730251280948383,0.07307143552759539,0.07324297982602912
pg6-s3,1.2,0.072678941,-0.01946075289148491,-0.01636,0.0,-0.021151130247,-0.03068520695,-0.011131847989,-0.020365121093,-0.029610437237,-0.007523985331,-0.013161252176,0.0723858303492078,0.07247870873435393,0.0726059419743556,0.07264965432706963,0.07272558338170507,0.07283072582465057,0.07285622219961473,0.07289885853706306
pg6-s3,1.25,0.072625379,-0.01992556773472293,-0.02386,0.0,-0.01437513469,-0.00532533967,-0.063678639597,-0.006941188942,0.000930556823,-0.046440027463,-0.00317806508,0.07234523045856905,0.07240830587467355,0.07243034944654313,0.07268015163792786,0.07270603302802936,0.07270273210218747,0.07285996820057856,0.07287026189867256
pg6-s3,1.3,0.072570908,-0.02692028837807793,-0.02846,0.0,-0.050666301931,0.005425382483,-0.044034422496,-0.02605306621,-0.002289718674,-0.034042279847,-0.035892205741,0.0721906965811577,0.07241278026227056,0.07239032808746913,0.07256288167410359,0.07265991572767265,0.07266803343808376,0.07278320515124972,0.07289942138835848
pg6-s3,1.5,0.072263897,-0.027181115807768167,-0.02797,0.0,-0.002623091867,-0.049931472357,-0.026009522999,-0.036904986402,-0.024389858638,-0.012952120457,-0.039579747041,0.07190867625787592,0.07192011236907019,0.07212566582587922,0.07222716480514793,0.07236401875300917,0.0724501821212456,0.07249384888969272,0.0726215060739794
pg6-s3,1.75,0.07196551,-0.028807815203878397,-0.02818,0.0,-0.012651645023,-0.04936308065,-0.014694910266,-0.043302058951,-0.00738237577,-0.064395751705,-0.011124438239,0.07158175421836553,0.07163667857021282,0.07183908797779279,0.07189618774482766,0.07205605421982504,0.07208201257195547,0.07229827179661098,0.07233403219721476
pg6-s3,2.0,0.071673322,-0.03325538639606994,-0.02893,0.0,-0.052655272314,-0.03001879214,-0.026852573166,-0.03417148502,-0.037599707509,-0.0366226544,-0.009397501149,0.07117067374871239,0.07139822820550512,0.07152084034116037,0.07162475285929262,0.07175040452397566,0.07188215115442644,0.0720047201816742,0.07203480539212369
pg6-s3,2.2,0.071475182,-0.03480954420983881,-0.03578,0.0,-0.038824618629,-0.025898670271,-0.044259830567,-0.034398252512,-0.033527966946,-0.019742619597,-0.046946448062,0.07100075636708239,0.07116806965041658,0.0712734996754815,0.07144426182754096,0.07157042933336312,0.07168760255936105,0.07175347263092806,0.07190336788505962
pg6-s3,2.25,0.071378744,-0.03474889281061682,-0.03341,0.0,-0.023083274882,-0.05069900297,-0.040866737904,-0.041522047761,-0.035242748853,-0.027810611375,-0.021611551117,0.07088496484096467,0.07098423175216094,0.07119023349330447,0.07134770584965569,0.07149982431411088,0.07162287398804443,0.0717155960533655,0.07178452428879507
pg6-s3,2.5,0.071109272,-0.0394414202982227,-0.03594,0.0,-0.055054799092,-0.037656561157,-0.035025637378,-0.027872714184,-0.059613813433,-0.024302344006,-0.032864996855,0.07054268231161819,0.07077852431894358,0.07093103132615851,0.07106548344684448,0.07116715724750318,0.07137445306634213,0.07145519075780019,0.07155965643755721
pg6-s3,3.0,0.070576823,-0.044290175384975296,-0.03981,0.0,-0.053065833186,-0.052879889581,-0.042152265496,-0.047464030467,-0.032361234248,-0.055354032746,-0.021729139036,0.06993788872928552,0.07016324794289223,0.07037563932570227,0.07053621224713093,0.07070814796761907,0.0708198779472705,0.07100247912812908,0.07107109345019581
adf-0-z0,1.0,0.070025445,-0.07956988515600942,-0.09614,0.0,0.074685739618,-0.200082790537,-0.098611768915,0.175868599529,-0.282670212646,0.180157607472,-0.455467932316,0.06939158613451064,0.06907810550077192,0.06987264606669191,0.07024617845114134,0.06961534572647338,0.07058209875902882,0.06999302673232015,0.07142457311166055
adf-0-z0,1.2,0.070226985,-0.01700723736024558,-0.00385,0.0,-0.156352131423,0.074184201177,-0.00392521392,-0.078134762068,0.299178563517,-0.388561967562,0.152198015173,0.06984430278798402,0.07050948978875,0.07021114481088576,0.07022604698110238,0.07050806293725705,0.0694863339868447,0.07075378326183307,0.07027671627225254
adf-0-z0,1.25,0.069646016,-0.01856305661269926,0.02269,0.0,-0.072190183553,-0.139544976798,0.082650684901,0.006552669126,-0.065852205182,0.009152759333,0.080950432932,0.06912521060144386,0.06942840023493148,0.06998438730154671,0.06967234629606706,0.06964893279898933,0.06987307051198081,0.06984332583422567,0.06959245398715679
adf-0-z0,1.3,0.070203534,0.01755552100475925,-0.04028,0.0,0.243858091193,0.026163633536,-0.044093195763,0.026895469559,-0.181102234036,0.033645742651,-0.036737232611,0.07091733001510865,0.06987661389534262,0.06977219348860447,0.06993872858937195,0.06984231063248154,0.07046217234759738,0.07035197118797783,0.07046695225955295
adf-0-z0,1.5,0.069764025,0.004766673144429122,-0.01860,0.0,-0.153493904306,0.267904983163,0.076860641222,-0.106914273025,-0.161123704712,0.265252340001,-0.167093692409,0.06993078644562248,0.07058456522595004,0.06951193565287528,0.06922366836508764,0.06960433276844533,0.07015366636482721,0.06929332123134213,0.0698099211135676
adf-0-z0,1.75,0.069823835,0.011553665084988885,-0.01296,0.0,0.035356766894,0.083906087253,-0.173760213451,0.240710958659,-0.025433865807,0.129821241414,-0.236144309924,0.07020841094648042,0.07005808104897984,0.06972289119320121,0.07038100562771588,0.06951736394287795,0.06960368314975966,0.06918459336337826,0.06991465118673126
adf-0-z0,2.0,0.069794077,-0.00727768933445097,-0.03635,0.0,-0.095422090175,0.218249178288,-0.23599428849,0.085788881139,0.126644226899,-0.057947554362,-0.100222630418,0.06976594539315205,0.07017070599988035,0.06930077945218038,0.07019069195824668,0.06988250380695045,0.06945203164333191,0.06963950753072085,0.06995044870908645
adf-0-z0,2.2,0.069467306,-0.017752614211748622,0.00425,0.0,0.026167111173,-0.176287797118,0.07377468034,0.070278138311,0.026350821127,-0.097009927691,-0.052166847529,0.06927199957685316,0.06916219558842221,0.06986261968050023,0.06958450725942451,0.06933412078725966,0.06924503789736794,0.06955824025549126,0.06971972660122444
adf-0-z0,2.25,0.069400316,-0.04323207305595492,-0.06656,0.0,-0.127592464322,0.154981105958,-0.209030192489,-0.040374189869,0.159271775177,-0.205190600762,-0.037460951863,0.06885274836886895,0.06938740642889622,0.06877545436239307,0.0695571415237391,0.0697013384203799,0.0691617956448996,0.06982513840976566,0.06994150846609484
adf-0-z0,2.5,0.069328371,-0.030473770872360646,-0.03070,0.0,0.036229117091,-0.10750171139,-0.031261991803,0.076445935385,-0.034094709522,-0.174991120884,0.010400335331,0.06902440112970723,0.06887296392303645,0.06929746548425332,0.06941469450314892,0.0691430410580296,0.06925815529060006,0.06982425859587708,0.069791985377621
adf-0-z0,3.0,0.06867482,-0.04518092089174847,-0.05019,0.0,0.092087011961,-0.179468404691,-0.022291104018,-0.080623382563,0.041353606169,0.009665539361,-0.199039321373,0.06827182114087141,0.06789173923184201,0.06859176581747851,0.06867448368847266,0.0689590708603536,0.06882007591253562,0.06878913853775583,0.06940046106243855
adf-3-z14,1.0,0.183337561,0.05530925300075063,0.07858,0.0,-0.133959135095,0.184606163471,0.092896200154,-0.220610995989,0.271443529039,-0.18598505051,0.435144424622,0.18397611325376645,0.1854763075546012,0.18352948876932176,0.18260999739612854,0.1846881231508488,0.18225828098001562,0.18384202605476843,0.18032015288463507
adf-3-z14,1.2,0.181989639,-0.007397534195905707,-0.01705,0.0,0.139344810011,-0.120174599775,-0.027559772984,0.071715857646,-0.33605396201,0.367252030183,-0.160629112386,0.18205533655170436,0.18052386072927293,0.1817681458326174,0.182039196867661,0.18137078806623577,0.1843690797358073,0.18124596773082796,0.18254473999776458
adf-3-z14,1.25,0.183424196,-0.0060896945074200935,-0.04897,0.0,0.040656745979,0.128369686624,-0.092153463348,-0.058424053026,0.046514550613,-0.021775329945,-0.118992157652,0.18397132344883835,0.18351842933449586,0.1821768078341184,0.1830867654853506,0.1836362559093592,0.18321997468207152,0.18340566848109469,0.18437834664662614
adf-3-z14,1.3,0.181756948,-0.04649206689245704,0.01675,0.0,-0.275285400452,-0.076154805853,0.01540946196,-0.040225758703,0.16831228775,-0.075725073542,0.015986926529,0.17885186598112288,0.18186178439457515,0.18265513378475498,0.18250301862239268,0.18287996798120112,0.1813843101469811,0.1820244051685462,0.18189509601177248
adf-3-z14,1.5,0.182173304,-0.03687732211868233,-0.00961,0.0,0.127429666697,-0.323162651209,-0.113338274384,0.081214552605,0.147538707308,-0.293476296013,0.130013160613,0.18056492544485767,0.17917536795791528,0.18251575536372505,0.18363762485873905,0.1828742254017166,0.18156254336865407,0.18405832807612796,0.1829976650814152
adf-3-z14,1.75,0.181138217,-0.04617997423135123,-0.02061,0.0,-0.076564189583,-0.116064729607,0.155728974237,-0.292397012926,-0.013690740434,-0.164607992478,0.211926299528,0.17892433846444644,0.1797567775613148,0.18095326205392204,0.1794360620716964,0.1821475276809434,0.18226923804279685,0.1836703344808241,0.18194819299586668
adf-3-z14,2.0,0.180346278,-0.030381425576908698,0.00158,0.0,0.053280727658,-0.263739054229,0.206326885628,-0.126614781288,-0.164048829177,0.029665885763,0.062586393501,0.17907300063625925,0.17849550583754853,0.18120669291241367,0.17919647115834703,0.18036404801780484,0.1818134691454888,0.181562729166918,0.18105830993719102
adf-3-z14,2.2,0.180526709,-0.023952042200071782,-0.04601,0.0,-0.071580139655,0.140042643483,-0.122939043045,-0.11035772662,-0.071651987011,0.056176302365,0.018733776223,0.17956446843018112,0.1803453850096577,0.1789075518964492,0.1801007065036377,0.18112307750121429,0.18175737595910585,0.18128300543699624,0.18113210496778645
adf-3-z14,2.25,0.180584432,0.0032438803120050847,0.03001,0.0,0.078585434089,-0.199674523001,0.173243282513,-0.00085715355,-0.199786612474,0.174928706863,0.002546750903,0.1805530084780149,0.17969486144876745,0.1817574811331032,0.18006294682568702,0.18007086368854303,0.18183470901512241,0.18036099964168636,0.1803405825675372
adf-3-z14,2.5,0.179956019,-0.014202137132757612,-0.01102,0.0,-0.087775399416,0.058242377877,-0.011942236899,-0.127297595399,-0.003371283555,0.138770444318,-0.051238604725,0.1791363696639933,0.18009215784184668,0.17949362032675995,0.17960955383155502,0.18078615388700386,0.18081589302972229,0.17965237700464304,0.18006202791776615
adf-3-z14,3.0,0.180109905,-0.0057378526617438185,0.00079,0.0,-0.148215631653,0.128485638891,-0.030087269063,0.02846720877,-0.094133472026,-0.054953623371,0.1546614067,0.1793643010001692,0.18098324453648232,0.1796589659227515,0.17995146129849687,0.17968889207343347,0.18051606303678283,0.18097813251363754,0.17973818009958317
adf-4-z1,1.0,0.161361385,-0.6646536097774801,-0.86560,0.0,1.399258958943,-2.270463173427,-1.06496217208,2.273692059568,-3.018783081083,1.890166133622,-4.408130371365,0.15151033112898485,0.13918782356513298,0.15847555326740856,0.1678683244020252,0.149389162903096,0.17309518659576592,0.15852480771696495,0.1928398904179798
adf-4-z1,1.2,0.170786655,-0.0391953943381681,0.06860,0.0,-1.492796451596,1.019927515838,0.152277900534,-0.79143669421,3.439229248813,-3.9836989967,1.526641144924,0.16621183617495583,0.1819557119750687,0.17165143460993787,0.17024398852056508,0.1772973080663119,0.14990885414385496,0.18043114015138817,0.1685929652622422
adf-4-z1,1.25,0.156527682,-0.06065047798598664,0.41350,0.0,-0.624358609411,-1.493710864118,0.887766822121,0.464168182496,-0.621491762768,0.14480271731,1.192256810637,0.1475641408818624,0.1532567223746905,0.16691631566113466,0.15909372560872176,0.15535064419421982,0.16013344000719648,0.15905837019875593,0.15084809338055394
adf-4-z1,1.3,0.171539966,0.31724557729030634,-0.28774,0.0,2.487859979571,0.620992896144,-0.296631741213,0.330242750342,-1.822190859399,0.610012744251,-0.260155541056,0.19489561767107105,0.16760978189182527,0.16176482482809487,0.16438013399813733,0.1616191105227494,0.1766459396851734,0.1717035745144242,0.17370074433282623
adf-4-z1,1.5,0.164428160,0.23594901790145623,-0.03550,0.0,-1.335714918508,3.008677771262,1.102664475851,-1.052713653452,-1.651508076265,3.040482708162,-1.616440928608,0.1748822678893902,0.18963292018063485,0.15967155996456156,0.15043046502804827,0.15877658722975516,0.17209995685678878,0.14940072858233389,0.16053079571486628
adf-4-z1,1.75,0.170449406,0.29743339771080635,0.05565,0.0,0.545794371085,0.983203983477,-1.627541588377,2.715821127152,-0.023151854693,1.670266682897,-2.45715238194,0.1862353836759051,0.18017395483041734,0.17032773256281253,0.18599523794596984,0.16180916683497393,0.1619920469549798,0.14988171389187202,0.16718001453886727
adf-4-z1,2.0,0.174229361,0.12696918123156783,-0.18283,0.0,-0.67631791527,2.381503215706,-2.192027524537,1.038057190268,1.504203634386,-0.463429027469,-0.800952888716,0.18045922424282396,0.18801210811474514,0.16408480851576357,0.18473091568788316,0.17515212524128687,0.16275801727072658,0.16630496920872426,0.17233272129987495
adf-4-z1,2.2,0.169591934,0.050924994567364934,0.26884,0.0,0.509694411507,-1.554291629461,0.983798581586,0.934720981721,0.558740218875,-0.777868448727,-0.355193455537,0.17235658349598335,0.1671122027730731,0.18263804606691963,0.17317714814250498,0.1650700831041012,0.16063088655640892,0.1665499984272573,0.16920052167430658
adf-4-z1,2.25,0.168408060,-0.22322754216133633,-0.49316,0.0,-1.027116065206,1.877574533069,-2.006228627344,-0.177783434916,1.873764346695,-1.969334532478,-0.186239009374,0.16228138409087317,0.1727076516763699,0.15513273544584813,0.1729067298473747,0.17449069446057142,0.15924599472251777,0.1745242353451196,0.1759750579362752
adf-4-z1,2.5,0.170814875,-0.06437414698433058,-0.08420,0.0,0.651315292251,-0.817074365103,-0.087241769009,1.071625500788,-0.157912587286,-1.565232895472,0.31774122296,0.17155398164928928,0.16491203913558222,0.17279655335432592,0.17361354620796993,0.16432803246495054,0.16559900096399652,0.17810688861036889,0.17560896096905892
adf-4-z1,3.0,0.162491148,-0.18470938059723452,-0.23971,0.0,1.33484540291,-1.670510048493,0.059096338754,-0.538677512436,0.733339191643,0.358315313239,-1.810637902385,0.16153589340654723,0.14897862964076422,0.1639049317194917,0.16338206258217547,0.16795934305774216,0.16205604058577255,0.15937714441581904,0.17273513627436193
adf-4-z14,1.0,0.182836144,0.022994971537156888,0.03301,0.0,-0.059976150246,0.08143077269,0.036562727073,-0.102219399977,0.122491744222,-0.093218743037,0.201410436753,0.18305441777896056,0.18372122091874532,0.18286808596184742,0.18250694117167107,0.18346636907311117,0.18237317201690884,0.18316575739108576,0.18153318456319273
adf-4-z14,1.2,0.182092486,-0.007628866698972304,-0.0123,0.0,0.058148687683,-0.056839589333,-0.015592219607,0.0260722597,-0.158682328439,0.168120723819,-0.081393510777,0.1819805664978508,0.18134017036421293,0.1819302773984012,0.18208371438078919,0.18184037073798698,0.18325366768375517,0.18182603467275402,0.18248508826130475
adf-4-z14,1.25,0.182711727,-0.007246358236456537,-0.02655,0.0,0.014949569872,0.052390536072,-0.050951716762,-0.026328780487,0.017116671766,-0.016190358861,-0.056403995606,0.18279432527669184,0.1826287316336276,0.18208265698430662,0.18258495306810812,0.1828316987772909,0.18267907515240783,0.18281671642888744,0.18327566002901702
adf-4-z14,1.3,0.181907458,-0.025674624974239016,0.00348,0.0,-0.133850772641,-0.036253565386,0.003247600841,-0.025444031994,0.071985784764,-0.035858606944,0.003483562261,0.18040688351988235,0.18187677846062553,0.1822540536059048,0.1822220546532643,0.18246002941292327,0.1818203176705665,0.182123873069193,0.18209567328299844
adf-4-z14,1.5,0.181982160,-0.021735227263097217,-0.00914,0.0,0.05251040412,-0.152043321295,-0.056736456164,0.032487553769,0.061498643265,-0.14151313022,0.058561261858,0.1810707304196431,0.18049522215023334,0.18207066162630664,0.18263003593182286,0.1823259558268727,0.18177970146283123,0.18298034000806707,0.18250463393271865
adf-4-z14,1.75,0.18135073,-0.027044942072848493,-0.01462,0.0,-0.041570790233,-0.061191086239,0.063796500562,-0.138685009742,-0.010259721811,-0.081028149299,0.093075198293,0.1801122787623237,0.1805667726175403,0.18119942606548606,0.18057549166048759,0.1818646151955746,0.18195567459368306,0.18264283820688088,0.1818887407127357
adf-4-z14,2.0,0.180840094,-0.02047635743390579,-0.00539,0.0,0.017850285,-0.129096455543,0.088344591149,-0.064688249503,-0.082291784186,0.006955976361,0.024718112068,0.18001822016786695,0.17982351580096956,0.18115533194521205,0.18029209834699314,0.18089131433885192,0.18161905831038316,0.18156029732043272,0.18136091502273083
adf-4-z14,2.2,0.180813341,-0.01777000897822065,-0.0273,0.0,-0.041197395484,0.056757098139,-0.06301141355,-0.05822911074,-0.038497697533,0.020823400359,0.00242545988,0.1801225070240716,0.18057293902858465,0.17998808329576296,0.1806023217800393,0.18114254445476322,0.1814831058628242,0.18130738741044616,0.1812878406329455
adf-4-z14,2.25,0.180802247,-0.005679393096632967,0.00694,0.0,0.029352701684,-0.100653351263,0.07249237311,-0.007098755822,-0.099580754029,0.074027329682,-0.005127519758,0.1805344865560286,0.18021351175157127,0.18125330177205853,0.18054427689791136,0.18061002839216753,0.18148966845545245,0.18086573789761437,0.18090696683368118
adf-4-z14,2.5,0.180371519,-0.014261142704669279,-0.01249,0.0,-0.049356120894,0.019229004213,-0.013942343626,-0.065607081906,-0.009723540677,0.057125890144,-0.03028917608,0.17971768114484976,0.18025623703149868,0.18005822634967955,0.18019400969402702,0.18080142063945726,0.18088721555972376,0.18040714644601144,0.1806502115339685
adf-4-z14,3.0,0.180171,-0.01171930357030606,-0.00796,0.0,-0.079529854243,0.049396446306,-0.023255751479,0.004782364291,-0.051542034714,-0.034056501595,0.064253225675,0.17949687169428039,0.18036439969655765,0.1798558730192685,0.18008216132744753,0.18003799201116477,0.18049131128385465,0.180777491929764,0.18026189750048455
